id,target
524,0.5
626,0.5
1804,0.5
1902,0.5
1827,0.5
286,0.5
1713,0.5
949,0.5
569,0.5
1451,0.5
1103,0.5
1674,0.5
386,0.5
718,0.5
710,0.5
1663,0.5
840,0.5
1516,0.5
208,0.5
1797,0.5
722,0.5
896,0.5
544,0.5
449,0.5
1810,0.5
841,0.5
1533,0.5
1970,0.5
1136,0.5
1495,0.5
922,0.5
1829,0.5
638,0.5
1655,0.5
1166,0.5
440,0.5
1869,0.5
21,0.5
1467,0.5
782,0.5
1158,0.5
1505,0.5
633,0.5
54,0.5
1189,0.5
270,0.5
131,0.5
1695,0.5
1780,0.5
280,0.5
1711,0.5
999,0.5
1464,0.5
316,0.5
768,0.5
706,0.5
1328,0.5
1955,0.5
628,0.5
1177,0.5
1343,0.5
530,0.5
823,0.5
1753,0.5
1971,0.5
1219,0.5
1708,0.5
495,0.5
1025,0.5
697,0.5
1193,0.5
1614,0.5
1703,0.5
1408,0.5
1723,0.5
1981,0.5
1576,0.5
45,0.5
322,0.5
611,0.5
392,0.5
1123,0.5
83,0.5
277,0.5
889,0.5
296,0.5
1758,0.5
78,0.5
1721,0.5
1159,0.5
701,0.5
1675,0.5
804,0.5
1650,0.5
1809,0.5
1054,0.5
458,0.5
1473,0.5
1483,0.5
1276,0.5
1311,0.5
1891,0.5
1358,0.5
111,0.5
1504,0.5
588,0.5
1335,0.5
1101,0.5
145,0.5
1732,0.5
424,0.5
1775,0.5
1244,0.5
171,0.5
1995,0.5
1403,0.5
29,0.5
1561,0.5
1437,0.5
1857,0.5
1149,0.5
1536,0.5
989,0.5
1216,0.5
1005,0.5
559,0.5
645,0.5
118,0.5
242,0.5
338,0.5
852,0.5
61,0.5
1348,0.5
832,0.5
1179,0.5
1095,0.5
1332,0.5
394,0.5
653,0.5
983,0.5
1910,0.5
1991,0.5
1109,0.5
1129,0.5
192,0.5
1900,0.5
341,0.5
1486,0.5
58,0.5
363,0.5
152,0.5
1417,0.5
320,0.5
472,0.5
281,0.5
319,0.5
31,0.5
1683,0.5
1936,0.5
1567,0.5
776,0.5
1082,0.5
263,0.5
1956,0.5
614,0.5
1278,0.5
1463,0.5
1586,0.5
1064,0.5
423,0.5
1610,0.5
448,0.5
1982,0.5
1207,0.5
80,0.5
585,0.5
1811,0.5
1431,0.5
370,0.5
913,0.5
177,0.5
1969,0.5
239,0.5
669,0.5
1523,0.5
1068,0.5
1644,0.5
621,0.5
285,0.5
893,0.5
261,0.5
1415,0.5
605,0.5
1619,0.5
640,0.5
116,0.5
479,0.5
548,0.5
786,0.5
1729,0.5
945,0.5
69,0.5
55,0.5
1050,0.5
129,0.5
1292,0.5
1250,0.5
890,0.5
1224,0.5
253,0.5
1442,0.5
1012,0.5
1712,0.5
998,0.5
904,0.5
34,0.5
616,0.5
232,0.5
600,0.5
944,0.5
1618,0.5
65,0.5
176,0.5
596,0.5
753,0.5
308,0.5
97,0.5
72,0.5
1963,0.5
1821,0.5
1624,0.5
915,0.5
1978,0.5
1293,0.5
148,0.5
7,0.5
1476,0.5
858,0.5
965,0.5
1315,0.5
1186,0.5
1352,0.5
1290,0.5
221,0.5
1602,0.5
567,0.5
1287,0.5
1172,0.5
1254,0.5
1347,0.5
409,0.5
1271,0.5
1528,0.5
1066,0.5
1080,0.5
876,0.5
1046,0.5
740,0.5
1445,0.5
153,0.5
1363,0.5
1164,0.5
622,0.5
538,0.5
1378,0.5
850,0.5
942,0.5
1217,0.5
1879,0.5
1929,0.5
233,0.5
728,0.5
1042,0.5
988,0.5
1509,0.5
446,0.5
995,0.5
736,0.5
855,0.5
1894,0.5
908,0.5
926,0.5
1707,0.5
364,0.5
555,0.5
1322,0.5
1277,0.5
1950,0.5
1665,0.5
1573,0.5
729,0.5
1398,0.5
522,0.5
523,0.5
1588,0.5
1911,0.5
1985,0.5
1986,0.5
149,0.5
1613,0.5
220,0.5
1402,0.5
1592,0.5
1019,0.5
1731,0.5
326,0.5
923,0.5
467,0.5
1284,0.5
1934,0.5
1434,0.5
865,0.5
335,0.5
1472,0.5
687,0.5
366,0.5
352,0.5
482,0.5
1767,0.5
1718,0.5
958,0.5
1452,0.5
47,0.5
1282,0.5
1518,0.5
186,0.5
1881,0.5
1262,0.5
1418,0.5
1458,0.5
276,0.5
1466,0.5
1935,0.5
1850,0.5
1727,0.5
909,0.5
1391,0.5
705,0.5
451,0.5
1975,0.5
791,0.5
1351,0.5
1044,0.5
1764,0.5
1875,0.5
1460,0.5
356,0.5
327,0.5
1016,0.5
198,0.5
1897,0.5
388,0.5
888,0.5
1958,0.5
1338,0.5
1860,0.5
1074,0.5
1699,0.5
543,0.5
1535,0.5
298,0.5
1377,0.5
1503,0.5
1781,0.5
1183,0.5
1492,0.5
1329,0.5
883,0.5
1422,0.5
714,0.5
197,0.5
1751,0.5
91,0.5
1299,0.5
1953,0.5
1295,0.5
1255,0.5
48,0.5
1033,0.5
758,0.5
1903,0.5
1127,0.5
602,0.5
470,0.5
1212,0.5
707,0.5
1394,0.5
552,0.5
1690,0.5
1670,0.5
1915,0.5
950,0.5
157,0.5
172,0.5
1786,0.5
471,0.5
927,0.5
1623,0.5
1705,0.5
1399,0.5
1852,0.5
127,0.5
1895,0.5
1327,0.5
194,0.5
1057,0.5
1003,0.5
673,0.5
1323,0.5
237,0.5
1621,0.5
343,0.5
842,0.5
345,0.5
1749,0.5
933,0.5
79,0.5
1688,0.5
159,0.5
519,0.5
1448,0.5
738,0.5
1563,0.5
1856,0.5
158,0.5
1785,0.5
637,0.5
1011,0.5
1700,0.5
1319,0.5
1462,0.5
1908,0.5
593,0.5
267,0.5
732,0.5
162,0.5
1643,0.5
421,0.5
672,0.5
1697,0.5
997,0.5
892,0.5
219,0.5
1420,0.5
289,0.5
134,0.5
656,0.5
1938,0.5
51,0.5
636,0.5
169,0.5
521,0.5
1132,0.5
211,0.5
1169,0.5
251,0.5
1280,0.5
1543,0.5
247,0.5
1691,0.5
843,0.5
444,0.5
978,0.5
1853,0.5
1522,0.5
1400,0.5
572,0.5
398,0.5
76,0.5
1790,0.5
1143,0.5
350,0.5
1641,0.5
249,0.5
803,0.5
1334,0.5
1784,0.5
1406,0.5
1715,0.5
954,0.5
920,0.5
481,0.5
283,0.5
465,0.5
133,0.5
504,0.5
1826,0.5
1218,0.5
885,0.5
1376,0.5
1111,0.5
46,0.5
809,0.5
1265,0.5
1440,0.5
1552,0.5
601,0.5
1112,0.5
1565,0.5
955,0.5
